;NUP_estim_indice;NUP_import;ECO_estim_indice;ECO_import;ENS_estim_indice;ENS_import;LR_UDI_estim_indice;LR_UDI_import;EXTREMD_estim_indice;EXTREMD_import;CENTRE_estim_indice;CENTRE_import;OTR_estim_indice;OTR_import
0;127;0.15642436985861985;127;0.07867806013097967;127;0.14077787203997116;126;0.20532190112853813;126;0.17910248123304534;126;0.1860266898973255;127;0.6331284434918503
1;126;0.08858257926279738;212;0.07865968458116614;126;0.0726268001087573;127;0.19022458279508137;127;0.12034025191913394;127;0.17755031250300354;126;0.09372574885146102
2;35;0.024589918954330003;145;0.07759422041537004;141;0.0510387187009559;212;0.055484109212488274;241;0.052528659704432455;213;0.09601901440200175;120;0.026844968121163038
3;215;0.018320543763740163;126;0.06459163341398835;119;0.047839149941025554;213;0.016757765518771894;212;0.03582772814269477;212;0.03065865964268464;212;0.012496455457715779
4;257;0.015795330921882275;213;0.02063218400816214;213;0.012924079546319325;251;0.015650861081577087;240;0.03378682044764647;120;0.017272106567739608;137;0.007687989699403907
5;213;0.013763041580922708;137;0.01177352712126945;229;0.011947369183393624;214;0.01180958943062409;230;0.02258652916322927;143;0.013947540499396775;143;0.0063352621277293995
6;7;0.012358018161998783;143;0.0115822866813627;212;0.009920451183234895;221;0.010307416065815422;251;0.014185898357193584;251;0.01366115092893876;132;0.005437142968137835
7;230;0.011326476177933578;214;0.010797199724105346;120;0.009857811084678026;250;0.009433960523062423;143;0.010804110493342874;214;0.009319041293803775;221;0.00472986665424629
8;212;0.011066187857045091;249;0.008647578336522282;140;0.009783991680197156;120;0.008870801691675199;141;0.009513669393456957;250;0.009138164870156566;118;0.0037782299493643087
9;233;0.010545669489254268;132;0.008275249933855396;250;0.009520288443241516;220;0.008142568819324299;242;0.008575986894729205;132;0.0071293261157600795;213;0.0037575590536597096
10;31;0.009761339602310442;248;0.008181891591248209;230;0.009513906893899533;113;0.0057153834809193105;229;0.00838717011391832;137;0.006627189752914234;223;0.003213852788059668
11;234;0.009160129653332637;215;0.00789588319934637;143;0.008342629637345549;257;0.0054760140373713625;215;0.008238459965746845;241;0.006306384066496886;227;0.003108700282662971
12;214;0.008810992197119987;41;0.007843303829096098;139;0.007620874627735955;143;0.005116848001999712;120;0.007977092036378171;121;0.005390364496060059;245;0.0026938028484751724
13;120;0.008642291968597018;107;0.007631408020377353;251;0.007350385908230259;121;0.005014186991492769;213;0.00662991297942673;149;0.00534485337705748;121;0.0026774747626123
14;132;0.008532927011179922;120;0.007246715221765262;121;0.00697575293524679;118;0.004997695456890346;119;0.006068560450700572;240;0.005265054802235625;247;0.0024402629425116316
15;251;0.007387602481252248;115;0.006782125225863514;118;0.006940309376369703;132;0.004910988707571009;205;0.005237242148238671;215;0.005017171348570688;222;0.0022018319912144014
16;222;0.006692810606812724;251;0.006609299894364636;240;0.006493283112072093;109;0.004853440458709677;137;0.0052198212697082405;147;0.00457634225286364;138;0.0021529028901212098
17;229;0.006382953893048665;244;0.006203553900512892;117;0.006440506902098146;253;0.0048099139630795726;178;0.0050383043793931145;113;0.004491642783673367;140;0.0020854592676029233
18;253;0.006376519579086314;245;0.006001566132399977;241;0.0064292960093652205;222;0.00462471177612709;115;0.004885486170464938;245;0.004446818372523488;24;0.002071234016821597
19;141;0.006334316150612593;250;0.005896814636958358;214;0.006299952566423643;137;0.004485742242214876;121;0.004800223683033524;109;0.004295665954192187;256;0.001955007846284227
20;245;0.005983537304800038;121;0.005847227306137212;249;0.005755294146156021;114;0.004426615723518192;197;0.004781504616827689;246;0.004145254352359302;220;0.001917970684305048
21;225;0.005941740987491228;226;0.005425066439578705;115;0.005381153195514806;141;0.004188673674245896;107;0.00470619454749715;238;0.00398207498721707;228;0.0018439358189605301
22;241;0.0058391660000430825;221;0.005152207769097996;138;0.005348021463506231;225;0.004158503402532245;196;0.004693976390760802;237;0.003949566112026727;196;0.0018360957566545565
23;137;0.005828059228474104;233;0.005070373994652595;259;0.005333155282193426;110;0.004041395043481161;118;0.004690713438028064;222;0.0037712377151390562;117;0.0018163130964015182
24;226;0.005457207857248778;118;0.004985006178691672;242;0.005201866290257491;138;0.0038462858632967527;132;0.004642085491476963;260;0.003726036071560557;235;0.0017572769769267948
25;164;0.005437565915500997;65;0.004943777874331555;107;0.005148208698220088;139;0.0038395524402831927;117;0.004510643899831122;236;0.003605764285282676;232;0.001751820062636984
26;221;0.0053137389249154855;44;0.004872541410795226;132;0.005038178007095877;119;0.003823846304228451;102;0.004351949856793345;242;0.0035969403596596717;85;0.0016888801725283673
27;121;0.005210403417718973;20;0.004856928969922075;248;0.005008377541294091;215;0.0038120521151113512;249;0.004287791422738435;256;0.003519497775766194;87;0.00165850659944397
28;232;0.0051822138521168135;234;0.004717864936841536;160;0.004988796765320089;234;0.0037740795721112;228;0.004240620470201475;257;0.0035127947284653714;258;0.0016542249014149428
29;6;0.0051299928253727015;236;0.00464024094743658;245;0.004819323396329126;241;0.0037629480548263716;214;0.004240315115491616;145;0.003458273448295095;214;0.001626993845635741
30;224;0.004917633744210245;119;0.004605886976672371;221;0.004802676498565149;259;0.003756482902669454;250;0.004140744378875789;118;0.003409772932352549;115;0.0016099761968834797
31;242;0.004891112267831876;86;0.0045908415644245765;195;0.004784254760876953;240;0.0037453883733195247;130;0.0041045442462740115;220;0.003345135276533079;242;0.0016031286043305837
32;236;0.004728851521027916;88;0.004570182368756981;260;0.004761076489381341;94;0.0035885862326345873;238;0.003980561833158372;44;0.0032723019937810514;22;0.0015821770138205531
33;143;0.0047250079080627195;230;0.004569167233309284;197;0.004740245858822179;230;0.003540099972680941;253;0.0038864793486888833;233;0.003267307017214188;141;0.001534506977285413
34;220;0.004694367751525919;147;0.0045552562758713585;196;0.004629911898331213;117;0.0035276918491277134;248;0.0037802197913980886;249;0.0032656456617197417;226;0.0015294255570453446
35;246;0.004602514122170945;220;0.0045262336291637915;228;0.004625791848046277;238;0.003479295375502159;252;0.0037736473647127034;164;0.003242977833220392;231;0.0015224431788684563
36;238;0.004596589709328972;238;0.004499473226933058;222;0.004608470624433879;256;0.0034291732768308874;231;0.0037369462872943226;231;0.003220178517489916;246;0.001506149446920135
37;207;0.00458186772692833;260;0.0044413304118004655;137;0.004578119307597101;223;0.003317015282320705;104;0.0036939361286439654;119;0.003180124515944762;224;0.001502425467046503
38;40;0.00457856250155498;24;0.004386261851596087;238;0.004458586029985322;229;0.003301890747487457;258;0.003649926451597938;7;0.0031429552112884882;130;0.0014786150720420127
39;119;0.004522642042012533;242;0.0043822157542338655;246;0.004378372035003098;242;0.003280170466368454;48;0.003577409713531384;247;0.003134016578699242;9;0.0014444798255393624
40;117;0.004505746288316572;239;0.004281160588034386;164;0.004270259764438649;237;0.0032765878956543958;245;0.0035377990625742204;83;0.003128512989833729;252;0.0014411606153473108
41;231;0.004468097913344336;43;0.004275687879448219;215;0.004245751337644057;97;0.0032636968675873175;160;0.003360272691603122;46;0.003102784068272786;216;0.0014265019917083595
42;14;0.004381082126507751;256;0.004272192975605688;243;0.004235260460257711;231;0.0032551838777374925;135;0.003307095909088113;9;0.0030786267145738845;183;0.0014081611209419925
43;258;0.004086344298126272;222;0.0042614543328024545;244;0.0042301251241547095;245;0.003249191858623252;237;0.003278795099497751;258;0.00304512577234716;244;0.0014020779523256724
44;244;0.004049101173756878;229;0.004203621674350633;257;0.004144325740140296;140;0.0032186329610014537;39;0.003266595052308507;225;0.0030441646883793984;129;0.0013998907088483851
45;43;0.004025181357838811;232;0.004203200940896535;225;0.004120866812844849;164;0.0031708420127936733;40;0.0032055242280106455;244;0.003008556448713505;83;0.0013843852320558742
46;140;0.003987309599032099;227;0.004189068107106485;231;0.004106580819861904;232;0.0031621376064610417;246;0.0031845048387556633;227;0.002955240434491468;241;0.001370428293915951
47;139;0.00393217978534485;225;0.0041597885610715445;233;0.004017616756233013;244;0.003123794667453435;158;0.0031650772433873;234;0.0029483639657840494;119;0.0013680067470523292
48;247;0.003930469175616964;117;0.004139285296364405;237;0.004010292925557607;258;0.0031181744386622272;244;0.003162130392306752;67;0.0029350422693734278;72;0.0013679913799665461
49;256;0.0038751307633835396;18;0.004121873698367608;258;0.003965147175754535;236;0.0030901935859292567;234;0.003156775721479789;230;0.002922059614327421;20;0.001363403531575337
50;49;0.0038442508416090294;62;0.0041120816178642225;232;0.0038705573671450836;224;0.003087433150035963;221;0.003154576994037544;160;0.0029159906616967202;217;0.0013378606549650494
51;138;0.0038376162258251193;64;0.0040813128758074;220;0.003837476089560107;226;0.0030479002635697985;66;0.0030887379022525798;117;0.0029000630347916136;61;0.001332046999166167
52;239;0.0038057087391242255;237;0.004064806895479967;105;0.0038356759964154764;252;0.0030333990688817015;232;0.0030880937402189283;223;0.002855934697784945;253;0.0013293410552118238
53;209;0.0037878545349831426;240;0.004061178241009894;227;0.003833813802090065;260;0.002981726190659262;257;0.003079563120171083;6;0.0027957875827446647;215;0.0013290437606604311
54;118;0.0037834553399373042;247;0.004037840934585293;234;0.003810383942718091;233;0.0029743051068150178;256;0.003073719927051713;248;0.0027852234425686895;7;0.001322119078044917
55;259;0.0037666664655663967;67;0.004031787136103342;226;0.003807611094303936;66;0.002959879570845108;106;0.0030730739617548784;65;0.002783576276065756;240;0.0013202165398765319
56;240;0.0036785585944731445;258;0.0040194747806890805;256;0.0037922295993114384;176;0.0029554941144428236;45;0.003024489009492061;107;0.0027251571592551167;67;0.001310942373005464
57;114;0.0036658684597419633;85;0.004005429753035114;223;0.0037731316215236367;243;0.0029329207756244617;233;0.0030156897690159085;235;0.0027036736513196807;65;0.0013074036266579538
58;252;0.0036324120399095117;66;0.004001760067947956;247;0.0037729849168930602;246;0.0029204133407175984;226;0.002965832354176234;138;0.0026942788022220293;236;0.0012943496800961797
59;235;0.0036289104855212408;246;0.003994299759851097;176;0.003729997677167351;19;0.002915359079362069;227;0.0029411232590787983;221;0.0026893742915363866;238;0.0012749304659960335
60;243;0.0036103611703123713;235;0.0039835261573113005;39;0.00369760858111156;46;0.0028957090659940954;87;0.002911966852842565;224;0.002675761397570316;260;0.0012729836044012722
61;237;0.003572719417302934;223;0.003973665571960495;103;0.003680863238558123;107;0.0028930879566570838;7;0.002904298578837838;243;0.002671740121849384;46;0.0012581291545608834
62;21;0.003535447812103378;25;0.003959544898487707;158;0.0036238299174999587;115;0.0028776703789104244;239;0.0029037133255710047;259;0.0026686254342533355;237;0.0012469580540907244
63;42;0.00351104269336918;241;0.003925905590476492;224;0.0036063935393393478;85;0.0028494546624710415;47;0.0028955523859361134;226;0.0026456929097172406;107;0.0012403129595492638
64;110;0.003508257557258883;83;0.003907932768402475;239;0.00358857059832245;41;0.0027930407286899817;247;0.002874978665031385;141;0.0026163487743234154;82;0.0012401404613767576
65;83;0.0034940315791257698;252;0.003905168933508041;41;0.0035518239542526604;20;0.002784738898811222;222;0.002873487114776088;82;0.00259393909122144;45;0.0012399049546915058
66;250;0.003491626223802098;243;0.0038973927951021546;45;0.0035479086728122705;45;0.0027814559153785555;225;0.002856444254344267;61;0.002591553769420998;225;0.0012393889567502473
67;65;0.0034883283996580946;9;0.0038869878484628657;62;0.0035327379817314737;227;0.0027774650690964376;260;0.0028183968749416204;252;0.002581157107964335;243;0.0012177281915149777
68;20;0.003459922657799331;257;0.0038863015735252863;236;0.0035303290652858553;25;0.0027773363178662486;206;0.002797046938842166;20;0.0025664311833748146;135;0.0012083745958009504
69;227;0.0034429144887994333;45;0.0038848342297494376;25;0.003519567298564442;24;0.0027579978564679962;223;0.002788244105651074;90;0.0025611460970132683;66;0.0011980734879642348
70;82;0.0034293668902322283;19;0.003835547675053995;6;0.003476551401854891;239;0.0027579687571797117;46;0.002755931362901963;62;0.0025405222037669607;176;0.001197665414049455
71;62;0.003418082109634881;224;0.0038148098452803494;85;0.0034737493089047606;65;0.002757326572737912;220;0.002739482031412376;81;0.0025094278344036684;142;0.0011799846088416835
72;45;0.003351572394015428;259;0.003788450605993635;87;0.0034510149381542627;27;0.002745972058746267;88;0.0027075352139347315;239;0.0025029948908619646;62;0.0011797362465892107
73;28;0.0033367906996736208;231;0.0037869035499273995;43;0.0034184101616828565;81;0.0027125390683209938;67;0.002675993354596362;18;0.002498835352524433;139;0.0011797017317565592
74;260;0.0033338413783710404;228;0.003770664847035262;110;0.0034073772527380437;235;0.0027101506100104178;139;0.002665380769463633;176;0.002464782914861546;233;0.001178771981967246
75;66;0.0033164058904959492;46;0.003755959968152944;7;0.0033756758584559928;108;0.0027091201019369972;224;0.002664666650477484;110;0.002451381522798627;44;0.0011706610997047444
76;228;0.003314377900484853;72;0.0037349094642415478;66;0.0033715371277491884;87;0.0026861464825446157;243;0.0026620660212834614;41;0.002450949122630881;257;0.0011588580524232771
77;223;0.0033129818067315214;60;0.0036743177448299324;9;0.0033688659367019265;21;0.002681160990478595;44;0.0026533306119832308;86;0.0024447073552786537;259;0.0011547888516947862
78;149;0.003301921931133889;39;0.0036727072418435798;44;0.003365718368408295;160;0.002677685818021003;128;0.0026424213428646935;139;0.002441585801882638;84;0.0011301563519970949
79;25;0.0032936113581214484;23;0.0036186704507670396;51;0.0033473084525555796;104;0.0026685339845764094;64;0.002629874385238382;43;0.002430364551935587;60;0.0011250950164862356
80;87;0.0032816378100864437;30;0.003617803530726935;30;0.003340221484528985;83;0.0026643038836717914;65;0.0026249327255738965;87;0.002429499573704153;160;0.001110602406352556
81;46;0.003245389174809712;87;0.0035779381989077368;46;0.0033109032376630832;18;0.0026346744182901634;43;0.0026173849222284966;45;0.002422360965193168;25;0.0010901916013005737
82;9;0.0032396129847177585;253;0.0034407762601307884;83;0.0033037469277998697;43;0.0025674206274544746;24;0.0026137862760241258;30;0.0024204536878829766;229;0.0010889509704844296
83;84;0.003239291909039282;141;0.0034299200790739157;24;0.003282457164072082;62;0.002566150284747487;138;0.002600848640956171;140;0.002413668453774418;64;0.0010857191450988357
84;142;0.003224903315008776;40;0.003417611911378424;67;0.0032574581399388066;40;0.0025410289627201418;140;0.0025873438958457047;232;0.0024125974561024933;204;0.0010737546921444465
85;41;0.0032233408422137778;49;0.0034173317732378093;20;0.0032439885030003186;106;0.0025391675887033167;198;0.0025778864537420627;84;0.0023951760740371863;114;0.0010720768155384071
86;19;0.003207546826558544;61;0.003416425112113294;64;0.003240264675468091;86;0.0025008382195683848;259;0.0025396830982636646;135;0.0023818371750274968;251;0.0010561624600728425
87;44;0.0031885747991250153;82;0.003409640519446575;235;0.003234514952465367;247;0.0024976401888031534;236;0.0025284366094280673;19;0.0023642324201889305;106;0.0010340397252781215
88;81;0.00318468816415593;81;0.0034093582341853507;19;0.0032210612498850726;26;0.002494573229875868;235;0.0025148992041098793;64;0.0023471628318270025;110;0.0010319615499231065
89;27;0.0031620412394698398;28;0.0033640169275970843;18;0.0032158101429027343;44;0.00248389807814522;49;0.0025103886139323617;94;0.0023094225039106057;104;0.0010302255943062813
90;67;0.003153501496906474;160;0.0033356114411942205;65;0.003192351525335923;39;0.0024757207296697264;83;0.0024992768848408056;70;0.002308579154761244;230;0.0010281442382666455
91;18;0.003147301544847733;110;0.003335123982080888;86;0.0031803718003621494;88;0.0024737648649907954;176;0.0024858314210265157;28;0.002268499165889838;164;0.0010249409054542183
92;64;0.003142630649569277;51;0.003299585476609519;252;0.003147236408489441;28;0.002468736667091457;60;0.0024852095322106843;85;0.002262831418797261;41;0.001018425317947436
93;61;0.003135489176262103;138;0.003278824704288734;88;0.0030776472938900583;228;0.0024619317071837106;18;0.002482607466736576;40;0.002257003425434027;113;0.0010177680016501258
94;176;0.003091093710697702;7;0.0032507188096405643;40;0.0030508065645368783;82;0.0024420910498161546;41;0.0024735019348119634;253;0.0022538911699510177;19;0.0010137931317098492
95;106;0.0030862165886931803;113;0.0032458153315592236;114;0.0030326173592183487;63;0.0024280362497111794;19;0.002469284088255142;72;0.002226820325580454;86;0.001012887681951666
96;24;0.0030529938610616546;109;0.0032298499746966063;27;0.0029969246348116423;249;0.002399436608544507;62;0.002462943884032252;158;0.00221969322754401;12;0.00099943309095405
97;160;0.003042940596908848;21;0.0032181423096961405;104;0.002979786552983933;147;0.002386644585861502;25;0.002459500658754195;88;0.00215705512389196;81;0.000993616560853516
98;88;0.0030320823853599898;139;0.0032137356390366943;23;0.002979439368668661;49;0.0023840742834785778;85;0.002455655847002768;25;0.002149198533383868;18;0.0009884938227975176
99;197;0.003013847985366769;27;0.0031916405212419215;60;0.002961360539107715;30;0.002363101645539591;20;0.0024502509345449477;115;0.0021429968781252204;63;0.000986511355655857
100;39;0.003010815584663687;140;0.0031867741411811122;113;0.002935373112080003;72;0.0023557747195405445;207;0.0024373892654035094;21;0.0021387846780847;239;0.000976807225804697
101;86;0.002996161318597217;63;0.0031807434643633314;21;0.0029151504035374604;61;0.002354715237594039;9;0.002427500101896183;106;0.00211474317828763;30;0.0009760570872397191
102;85;0.002964277217768222;114;0.0031752683582540737;253;0.002892854545925682;219;0.0022995977836685246;30;0.002410512841999189;229;0.00206446997853778;6;0.0009665496817176352
103;70;0.0028938814564904588;22;0.003148408615791934;81;0.0028602822072173024;64;0.0022733940383862627;42;0.002390125239122612;39;0.0020623630939050957;109;0.0009303133438638615
104;249;0.0028743437150463565;130;0.0031454961313383324;42;0.0028486490942715077;116;0.002245002553538285;86;0.0023534241840829665;91;0.0020565085980868677;43;0.0009031321560598979
105;104;0.002868842789119387;70;0.00311493857075078;49;0.002844326614066641;84;0.0022444714406320778;28;0.002351561791286494;228;0.002053142809797444;234;0.0008926016867223136
106;60;0.0028231257090293514;26;0.003097312135242491;28;0.0028318602089629614;90;0.002240202776879046;69;0.002345333476112289;42;0.0020482972424082004;40;0.0008815731701224606
107;30;0.002820582046001254;6;0.003074613074573125;149;0.002824284700452899;9;0.0022225163438296027;164;0.0023433593075100137;114;0.0020426561635962836;128;0.0008699932065230212
108;26;0.0027640308705815;210;0.0030259526480133445;106;0.00277623311651419;6;0.0022147501787813644;6;0.0023405552732136013;24;0.0020182210270404746;27;0.000857566228291681
109;51;0.0027368556728010235;149;0.0030228503315436793;61;0.0027732530859776727;51;0.0021883772757323276;51;0.0023394667301469153;104;0.0019948548314126418;88;0.0008537708993789408
110;23;0.0026943230106160356;164;0.002983870775695268;48;0.002767429457339303;42;0.002170780347369586;23;0.0023334770326727456;130;0.0019726813314278322;200;0.0008432080501440726
111;211;0.002690763625127803;106;0.002969715899914502;82;0.0027422738936897758;67;0.0021685272209251987;61;0.002324567952134896;66;0.0019721548875444635;68;0.0008414923754084514
112;91;0.0026752926528006956;90;0.002809942389745835;26;0.0027385743700741893;248;0.0021684379174327743;195;0.002274730851998908;51;0.001946325774831656;17;0.000836171824078826
113;97;0.0026730685932605247;176;0.002767131319308431;116;0.0027209358882353206;60;0.002148970254433892;26;0.0022661039482352137;49;0.0019383565214835987;51;0.0008293868677943709
114;109;0.0026427660301376952;84;0.0027380932721006064;70;0.0026855164710969295;23;0.002113416063084164;21;0.002262965707835674;48;0.0019102614406069187;39;0.0008238852301196186
115;94;0.0026295004922007137;48;0.002662626081295701;22;0.002652135966657839;70;0.002109905057294431;208;0.00225068828997685;97;0.0018882313403062899;158;0.0007856708340111127
116;90;0.0026291537909921615;91;0.0026557634478478697;218;0.0026511799052316683;7;0.002004892879002533;27;0.002235558788417359;68;0.0018796581793964454;248;0.0007849383512441456
117;113;0.002617374937948504;93;0.002639041544448531;72;0.0026473764630795095;91;0.00199354138251171;72;0.0022277987837424876;26;0.0018442230439922342;69;0.0007674706806198968
118;72;0.002607673020555733;158;0.002637670777621494;109;0.0026312068194175964;48;0.0018867285629355305;81;0.0022162217518880874;60;0.0018257310772006477;147;0.0007592006531431709
119;248;0.0024769409474715847;104;0.002619111584948135;97;0.0025298962979572585;103;0.0018820783134380896;22;0.0021848877028374254;23;0.0018203000863650516;23;0.0007589889352754528
120;158;0.002428888229703456;105;0.002610428543999801;93;0.002506634774882548;158;0.0018332292162952608;82;0.002177314979369325;27;0.0017716210327909324;250;0.0007572141029864081
121;219;0.0024021065860726012;103;0.002547509325428797;84;0.002449820592090586;22;0.0018279764653827385;90;0.002165972947074989;89;0.0017454316140672766;21;0.0007568279813650482
122;210;0.0024001309290276563;217;0.0024762170458797832;175;0.00239440850597782;105;0.001821539722659823;184;0.0021311889488481533;105;0.001713131187136796;26;0.0007518203378841841
123;108;0.002387176881814559;135;0.0024702824381287805;47;0.0023861160616080886;135;0.0018076465368333588;199;0.0020435808290566212;63;0.0017051352414355835;203;0.0007518197470876384
124;5;0.0023823748145817007;211;0.0024337924659234636;100;0.0023676452043559122;145;0.0017646129310194738;84;0.0020194668091733006;254;0.0016710260489922373;91;0.0007516521648284915
125;116;0.0023715945288465255;100;0.002429970044473421;217;0.002343840693095986;194;0.0017613958233411817;70;0.001950773112504545;99;0.0016264961630259734;28;0.0007479973970945527
126;208;0.0023702041391107384;47;0.0024287479014101403;94;0.0023247565816177573;92;0.001727638449843116;211;0.0019492478609830386;22;0.0016149420369793673;49;0.0007443627581746214
127;10;0.0023418983782543786;69;0.00239911735921327;108;0.0023015016012103064;218;0.001723380121208036;154;0.001924168807201487;219;0.001603394729915758;124;0.0007435631582553373
128;130;0.0023366740761950554;89;0.0023611203447236064;90;0.002290769701514043;47;0.001710764689995128;156;0.0019211313270807143;116;0.0016013090982961709;94;0.0007042527018390852
129;107;0.0023284014985445207;42;0.0023577202616797905;91;0.002288898458706768;69;0.0016836064914610613;91;0.0018842186423294284;217;0.0015966787495416443;102;0.0007011883914188157
130;115;0.0022990968890905642;97;0.0022567671938165863;130;0.002286644339470767;89;0.001656937428121107;113;0.001793845387672666;103;0.0015734464107621956;255;0.0006995016227569501
131;48;0.00223390862849199;68;0.0022483699987644497;145;0.002268994113958755;15;0.0016534330893935125;187;0.001789574451616269;92;0.0015563300910591228;105;0.000695621467017155
132;217;0.0022207390181416156;94;0.0021390505398144384;216;0.0022046553265788233;211;0.001642517900309548;109;0.0017813048084184737;216;0.0015504718512968127;90;0.0006955741277878515
133;22;0.0021401199257523136;255;0.0020306556247994003;69;0.0021590850659092926;209;0.0016376985378164927;219;0.0017481387853340508;255;0.0015185046097283275;48;0.0006871664709345923
134;216;0.0021350897112464955;108;0.00200623950659186;92;0.0021382218051480308;217;0.0016122109822124967;63;0.0017335302187055776;69;0.0014661359370553612;209;0.0006678125752267849
135;133;0.0020758157848071125;254;0.0019981098880142607;135;0.002137462411568941;216;0.0016056278065663659;255;0.001721846876497006;133;0.0014651091932047322;100;0.0006657039786441251
136;192;0.002064186301218765;194;0.001988513316831389;219;0.0021337231649232735;68;0.001583497654550234;114;0.0016672285873829266;93;0.0014596240937571334;197;0.0006554128802143106
137;135;0.0020563472339048677;154;0.001912960949060736;198;0.0021287682137582564;99;0.0015723755030004464;218;0.001663821254182659;211;0.001446508246644094;133;0.0006282926286309779
138;47;0.0020355659699960093;156;0.0019008046823135974;147;0.0020827710829257424;100;0.0015574862993931655;92;0.0016298911136380437;154;0.0014112514020775875;249;0.000612678469805709
139;89;0.002022586365359384;174;0.0018644978642379233;211;0.0020658109652153963;16;0.0015413947775095222;209;0.00162866565038393;183;0.0014112322029007243;14;0.0005996077667324003
140;147;0.0019453499298898499;187;0.0018493352375185167;63;0.00206536149567718;255;0.0015309296515721687;105;0.0016237881887116096;108;0.0014052312241271828;42;0.0005983632324574791
141;218;0.0019295336219087849;169;0.0018351994356759068;205;0.002061199399969732;149;0.0015043776233857567;217;0.001618223964397398;194;0.0014047161485629645;73;0.0005876696013357085
142;148;0.001902690714237853;186;0.0018147195516875448;99;0.0020480291160057044;130;0.0015011321760279367;110;0.0016034998178463431;218;0.0013964335515512093;185;0.0005858241308873675
143;194;0.0018749049259593458;133;0.001784575151289647;199;0.0020229504089125127;197;0.0014921340105317504;129;0.0015672935648150213;47;0.0013847045537718173;199;0.0005851495164372514
144;162;0.001872804520438016;175;0.0017622648261437423;101;0.0019966588682001135;254;0.001487099408618262;173;0.0015595608379468814;100;0.0013700347443596239;103;0.0005848244440630542
145;204;0.0018714661526579993;16;0.001760044301188846;124;0.001889609449194793;93;0.0014635551924106255;172;0.0015560791585772396;156;0.0013456161450425461;192;0.0005777660081830937
146;4;0.0018670041922502591;204;0.0017599050119770374;206;0.0018747332966630428;14;0.0014023295999492386;166;0.001537599561063832;128;0.0013108936388001352;173;0.0005686528693019009
147;198;0.0018612561114618093;216;0.0017570590424630837;255;0.0018638435316343108;181;0.0013975920424581314;100;0.001524152242970879;209;0.0012574105004430807;181;0.0005643566241042068
148;69;0.0018572042464791957;10;0.0017476552098072173;209;0.0018481431909280028;210;0.001348195027393456;108;0.0015105905004814623;15;0.0012544080863876159;98;0.0005537367748956224
149;68;0.0018568041580631126;116;0.0017344531885007037;156;0.0018376819836915157;10;0.0013473414198458872;68;0.0015096947235046251;129;0.001221340672920412;93;0.0005530868198059823
150;128;0.0018445417025499261;199;0.0017220988717628752;68;0.0018353214067971923;154;0.0013055045684186434;99;0.0014702756642748394;210;0.0011862587098915422;97;0.0005436018077229151
151;169;0.0018238903192349537;92;0.001720241657684543;254;0.0018087461636541041;128;0.0012936236528961465;89;0.0014695663605025333;199;0.001171903039932759;70;0.0005402967505924591
152;145;0.001800945637525519;162;0.0017079722309420837;210;0.0018040029748988757;102;0.001293130390992786;186;0.0014657748128635176;208;0.001156206256593747;174;0.0005364011636186156
153;154;0.001789619220996593;99;0.001699518173649932;186;0.0017842556412239513;186;0.0012806794580305192;15;0.0014648783133929583;169;0.0011388853317635358;211;0.0005362030222002672
154;206;0.001776115554804109;219;0.0016877048310150644;194;0.0017619222166206944;187;0.0012670160363795857;210;0.0014615392441963773;12;0.0011279654175864041;179;0.0005330329498323085
155;171;0.001775583536273858;218;0.0016666886633260368;187;0.0017398534161338047;204;0.0012662261244529172;11;0.0014438114566784092;142;0.001095375357607692;116;0.0005297810739951393
156;63;0.0017672888631118649;134;0.0016251914914198321;185;0.0017346165184402166;142;0.001221040200593533;254;0.0014411029630026792;186;0.0010888805645899835;218;0.0005210954596705433
157;187;0.001757499800014721;173;0.0016208569273372265;89;0.001730896656529833;133;0.0011922407597744324;147;0.001435316969249083;101;0.001068680618336139;145;0.0005191938623083487
158;255;0.0017277688928887553;101;0.0015525174965951949;173;0.00172480304845029;173;0.0011918158593094306;116;0.0013329826370853033;10;0.0010397687844173557;16;0.0005109431030561693
159;199;0.0017201979303864286;192;0.0015391842131262637;204;0.0016914950566943776;169;0.0011636431911284041;103;0.001332724722481134;17;0.0010152749125964756;163;0.0005091087531290824
160;196;0.0017147401814649813;14;0.0015383541714219181;154;0.0016579754363193313;185;0.0011403778432995957;168;0.0013316411100217165;181;0.001009238787652853;198;0.0005036443824006087
161;186;0.0017080243834690367;203;0.0014812536057003838;169;0.001616057372097661;199;0.0011383337342547133;194;0.001331210508941078;193;0.0010068662295563387;193;0.0005018227716513617
162;134;0.0017072965156180024;11;0.001465467393275639;128;0.0016158773703540687;11;0.001110671405022837;97;0.0013185912041641778;171;0.0010059777402837851;194;0.0005016529584271571
163;11;0.0017027972019143913;17;0.0014522973383328517;14;0.0016153644441208757;4;0.0010830890448462738;216;0.0013016835007144598;134;0.0010059140944047998;188;0.0004998056918879843
164;92;0.0016956294447920412;112;0.0014516358529803983;15;0.001576605065641973;12;0.0010701876180461464;204;0.0013013056302438686;204;0.0009728564366115958;156;0.0004962191452438699
165;105;0.0016948259867851218;185;0.0014387716405443165;142;0.0015517719067854306;206;0.0010628172938920676;185;0.0012950969652730027;165;0.0009676199984529065;92;0.0004940135306363492
166;156;0.0016908864360627438;12;0.0014383252556964363;12;0.0015471324688581065;208;0.0010558790761202872;149;0.0012927213165083893;192;0.0009627600033475668;10;0.00048099187869936224
167;254;0.0016549504789464074;196;0.0014367278510261927;17;0.0015195568287679564;17;0.0010535965251629363;93;0.0012918077693906394;163;0.0009542782613516897;219;0.0004774855557575406
168;32;0.0016505536281282943;102;0.0014252388159954937;133;0.001511552878082649;207;0.0010529302743888973;10;0.001285894933543039;200;0.0009484826707026869;80;0.0004761446274039435
169;15;0.001614155492823796;128;0.001415779301877426;134;0.0014660927975023313;196;0.001052036449658045;14;0.0012728553543221574;190;0.0009448139771008297;254;0.00047336366333234074
170;181;0.001605607856066739;209;0.0014123726820520867;178;0.00145472542282168;168;0.0010501485287498643;145;0.0012609089368818902;202;0.0009399582558591;89;0.0004722967955221872
171;77;0.0016049601961997007;181;0.0013957866708672842;181;0.001435139486654729;170;0.001047575143354775;133;0.0012369119763408585;207;0.000933454857288439;13;0.00047170763919059697
172;99;0.0015638192850228353;15;0.0013833712796089076;10;0.0014334386194475924;171;0.001040936309870996;94;0.0012357575008343574;14;0.0009322461585642276;108;0.0004663669562471494
173;205;0.0015407416160012652;163;0.0013439554913293355;167;0.0014291147481695146;156;0.0010280442894256426;16;0.0012221091345903262;102;0.0009314670099067171;38;0.0004488272219829565
174;185;0.0014928632915577403;171;0.0013405461802920985;11;0.001418792165812424;192;0.0010245151776692592;180;0.0011998025569786366;168;0.0009069765934110348;5;0.00044357387245485966
175;12;0.0014887130451525874;2;0.0013395107479652194;16;0.0014125986251404257;183;0.0010145018812254961;190;0.001186660984326929;184;0.0009058282474807286;190;0.00043910426359763255
176;178;0.0014461339110471289;178;0.0013291012346783025;188;0.0014070645543167574;125;0.001011664921985284;134;0.001174795900866231;187;0.0009054164659733062;169;0.00043743264428003093
177;203;0.0014394879607516264;36;0.0013030559620352392;163;0.001385160905497823;203;0.0009989794571974697;200;0.001172823401084974;111;0.0008858236239671513;210;0.0004369028909677917
178;17;0.0014383369527192404;195;0.0012821404472973124;129;0.0013799153279086976;193;0.0009948438876747285;189;0.0011615205093321;16;0.0008840507149197156;186;0.00043388959176776106
179;16;0.0014369299194778532;13;0.0012441177845543177;208;0.001375369979607067;195;0.0009947118934092035;169;0.0011564328100058998;112;0.0008794276792518686;187;0.00042791110632981486
180;170;0.0014349246676361293;80;0.0012416538247273338;171;0.0013694546160724819;175;0.0009844502563469012;163;0.0011424444433913517;172;0.0008788867841672557;195;0.00042703717034688624
181;173;0.0014291395346782557;129;0.0012275573830966302;174;0.001360555647498221;162;0.0009725230343853639;101;0.0011310512699329656;144;0.0008735119728096825;172;0.00042627955886720734
182;103;0.001424968252277304;189;0.001224837714264298;102;0.001356918267608844;163;0.0009704193468145475;175;0.00113032003336163;195;0.0008646557438400545;154;0.00041808134850389447
183;183;0.001391133657235057;168;0.001206214685744537;168;0.0013190606735494345;134;0.0009636991964108045;12;0.0011061018387217153;162;0.0008468485356925249;11;0.00041460062634231774
184;93;0.0013794679430023666;193;0.0012044530837256064;162;0.0012962994354532146;13;0.0009580797303410076;13;0.0011038043313004633;167;0.0008441408506267828;76;0.0004143587689455044
185;73;0.0013766328227900245;202;0.001177136264124798;202;0.0012849246982685639;198;0.0009441051805960299;17;0.0010766886710156776;198;0.0008359541148174221;47;0.00040400480182014296
186;13;0.0013763580250920565;179;0.0011736215704801149;193;0.001281217489130769;111;0.0009438758818314921;142;0.0010731105937667263;177;0.0008342581618889641;4;0.0004013387131244944
187;174;0.0013696037573013994;183;0.0011679978301686856;111;0.0012772393451878697;129;0.0009402227963956604;181;0.0010710020690117273;76;0.0008293543357141756;99;0.0004004457820828936
188;168;0.001344286126568299;190;0.0011626607672855227;166;0.001267475935358731;180;0.0009309520254125976;174;0.0010606881044273272;175;0.0008156147737747106;149;0.00040038539071532734
189;100;0.0013211133459835737;188;0.0011570750727886445;190;0.001265795516103331;205;0.0008900106672841647;31;0.00103596467590987;197;0.0008116975774697582;15;0.00039461691334262547
190;180;0.001313263187912139;180;0.001156295548143601;200;0.0012645033016262163;35;0.0008825362050405222;188;0.0010316503822515935;188;0.0007954423140242742;168;0.00037673448062278803
191;125;0.0012915998894546118;76;0.0011556004337762674;180;0.0012639263868202738;201;0.0008814770476878816;183;0.0009924958541288507;178;0.0007949248103444636;1;0.0003752886019834187
192;102;0.0012839677784296866;198;0.0011542661665985181;189;0.0012387415850994728;101;0.0008575245841619912;203;0.0009879149512111744;182;0.0007948945601758337;208;0.0003747144101309308
193;122;0.0012772132263754055;167;0.001141806771863052;192;0.0012386578169795944;190;0.0008532766589286689;167;0.0009867047796350164;185;0.0007932982122735759;134;0.000374502931561777
194;189;0.001266902113516379;197;0.0011164544562308324;13;0.0012354197930235298;77;0.0008514022915995349;179;0.0009792526107557926;166;0.0007802020398364115;162;0.00037186263631820314
195;179;0.0012641983219559216;98;0.0011102259864413564;207;0.0012277204483750544;189;0.0008434866222006208;4;0.0009623231929817685;148;0.0007713671015765736;78;0.0003633163010402462
196;193;0.0012454084593954721;172;0.001107927969741844;183;0.0012209903201311637;172;0.0008362750768436829;111;0.0009567533183915295;196;0.0007668045264920524;123;0.0003586138071925941
197;129;0.0012449612305193195;170;0.001107515118248849;34;0.0012032438611874704;188;0.0008324115247473582;171;0.0009520147626654987;80;0.0007632289344073077;101;0.0003534764422666151
198;163;0.0012387068605375774;205;0.0010982569008764864;98;0.0011966951933000396;166;0.0008148760301309584;193;0.0009493373904709393;174;0.000762068700812957;171;0.0003487782973129514
199;175;0.0012285160160875775;5;0.001091799826993531;148;0.0011944185045125414;174;0.0007978658351525203;35;0.0009320132684888052;8;0.0007609257620423504;175;0.0003391141144772574
200;101;0.0012173686567912003;38;0.0010897904985107275;170;0.0011776302654054173;5;0.0007884616673238602;98;0.0009000193035722894;203;0.0007567759751388249;202;0.00033567358790596055
201;188;0.0011686627674721585;166;0.0010681195319413367;31;0.0011756633067035753;167;0.0007870213158523872;162;0.0008688346960080858;31;0.0007542456761884579;144;0.00032914748110101624
202;144;0.0011585986824312424;201;0.0010591732980801975;146;0.0011421641072312852;184;0.0007781173145253238;1;0.0008687463432778779;5;0.0007485340956855148;180;0.0003290442251381985
203;36;0.0011509667491103163;31;0.0010491872771010609;179;0.0011414633398584013;31;0.0007761683920535317;192;0.0008641590589289523;180;0.0007440969141446009;207;0.00032854367933288534
204;202;0.0011248470969708695;73;0.001048218145920229;203;0.0011106301897216189;178;0.0007738751766140886;182;0.0008557627011737247;205;0.0007295864676388111;178;0.00032276566226086077
205;195;0.0011236519419552534;200;0.0010358069254498552;184;0.0010954174530612359;98;0.0007726193560332061;170;0.0008491736565352716;173;0.0007241443927831548;184;0.0003203064184259247
206;166;0.001116759726478728;96;0.001031303349912277;182;0.0010797314275811675;202;0.0007668195965483282;76;0.0008425041117578684;179;0.0007229514316644493;165;0.0003191875992885236
207;146;0.0011096419115404778;206;0.0010263406034885904;201;0.001076489395839211;76;0.0007451540117408253;191;0.00083545134650309;4;0.0007173369639557918;206;0.0003186086409793212
208;98;0.0011061166398968196;207;0.0010045357098747633;191;0.001069782728685478;136;0.0007255492279729856;77;0.0008192352063419842;77;0.0007117460981191288;54;0.00031563828186435627
209;167;0.0010900019591149523;208;0.0010039724541984665;5;0.0010539457285585387;73;0.000724525777957993;5;0.0008157707588620053;131;0.0007109904751013138;205;0.0003126610470877251
210;52;0.0010851471442254166;191;0.001001221372235673;123;0.0010048680468925293;182;0.000716626716702251;59;0.0008034076980007472;32;0.0007045084337315575;136;0.00030512581434560663
211;153;0.001083314118903886;177;0.001000212658458558;77;0.0010011012788403216;200;0.0007136293252955636;73;0.0007994834418156297;56;0.0007029027846091526;31;0.0002904985227685431
212;74;0.001080192722635633;79;0.0009806090031830108;38;0.0009920668349866137;80;0.0007063487831263622;38;0.0007863355203752163;11;0.0006522868200309578;191;0.0002898680226606817
213;182;0.0010535641915566016;56;0.0009804995350615713;172;0.000988784479923054;191;0.0007020162564034543;125;0.0007829774970248806;98;0.0006459698503576332;167;0.000287249996165701
214;112;0.0010273741217819194;4;0.0009790842643105514;80;0.00096011366890525;38;0.0006971394137507452;201;0.0007693444078108791;136;0.0006395071921391839;189;0.0002826759397122009
215;184;0.001019450051733948;35;0.0009579191932732956;4;0.000957530324225938;179;0.0006826329827144032;96;0.0007640121784617281;59;0.0006231846566646405;170;0.0002782166264915555
216;200;0.0010143018615534245;122;0.000956680427981047;73;0.0009492724017888888;52;0.0006606157331708141;202;0.0007564908247900987;73;0.0006181873557433513;35;0.00026977513548791287
217;111;0.0010106716208893652;59;0.0009558004128988177;96;0.0009479019668575061;8;0.0006466849547564093;52;0.0007354885873830355;189;0.000615150791383735;166;0.00026886346598012763
218;190;0.0010014358667536965;182;0.0009408977467256354;144;0.0009288122035858032;122;0.0006442515826276067;32;0.0007257080593698645;170;0.0006063512307498176;112;0.0002684241727938761
219;136;0.0009834894366884358;78;0.0009360114189442316;131;0.0009198464662354367;32;0.0006426557456774923;75;0.0007240413846777183;78;0.000604136065665378;182;0.0002597689322258393
220;191;0.0009828536546972308;77;0.0009097573433601964;122;0.0008948886419359309;146;0.0006400983899387529;80;0.0007186817975534293;201;0.0005927050302324716;59;0.0002540550736515657
221;201;0.0009717188422299007;184;0.0008939436484585882;35;0.0008925715366226098;177;0.0006371704112226598;34;0.0007096742810333799;125;0.0005921220486032885;131;0.00025185024897329697
222;33;0.0009632671643026506;165;0.0008882154132957664;55;0.0008859480454259483;34;0.0006310295383135495;79;0.0006990905841220294;13;0.0005914641726519012;55;0.0002492529980547292
223;8;0.0009591712510691789;136;0.0008772104797703767;136;0.0008857705742445116;131;0.0006254611225950087;56;0.0006920483684452077;35;0.0005909983595646767;32;0.00024391186562504436
224;96;0.0009557121355800283;55;0.0008668070643061428;56;0.0008819402111135351;59;0.0006222616817141579;131;0.0006894540561759323;75;0.0005846658499984961;2;0.00023893079204140118
225;172;0.0009429489397843932;1;0.0008656485918569277;59;0.0008757869939605423;165;0.0005906506147438225;148;0.0006844311981381488;123;0.0005707496910671162;95;0.0002360954583131476
226;78;0.000935286493164648;131;0.0008601822609269846;95;0.0008680656845534379;148;0.0005868714691248558;2;0.0006813444546323133;55;0.0005704817989450856;34;0.0002351284397363815
227;76;0.0009268438977363456;74;0.0008537727643743942;76;0.0008415627686968372;112;0.0005856627380449565;36;0.0006783383523493766;206;0.000569718662288449;111;0.00023168611221104782
228;34;0.000925977042970976;32;0.0008429590925541079;36;0.000829277017545961;144;0.0005746385333203472;144;0.0006705230893883887;52;0.0005673848175738012;75;0.00022931957189511353
229;75;0.0009209697132310219;34;0.0008373995515736266;32;0.0008292747035595184;56;0.0005618499451875302;78;0.0006325428469902401;191;0.0005557873726412946;36;0.00022621798354277489
230;53;0.0009163376062483559;8;0.0008150131534907682;125;0.000825684879211098;36;0.0005609192026988231;136;0.0006287856733572096;146;0.0005339420013772244;201;0.00022282883339439527
231;79;0.0009132905245028038;148;0.0008018163306989808;112;0.0008238490329654538;153;0.0005584923991028401;123;0.0006264575302861715;95;0.0005306562648085948;56;0.000222584355476951
232;57;0.0008765718948648072;142;0.0007966208058504135;165;0.0008069656006217695;33;0.0005515133663747801;122;0.0006207469640289304;79;0.0005283780706742641;146;0.00021781722557478547
233;80;0.000855081121311187;150;0.000791768097437906;52;0.0007893570891931652;74;0.0005490656607094022;33;0.0006152222911126188;96;0.0005230009573038329;74;0.0002039084954152276
234;131;0.000832568036235861;111;0.0007821677175854315;79;0.0007681851384084741;78;0.0005479971118377074;8;0.0006099320762213183;38;0.0005187660310956269;79;0.00019489424844714215
235;56;0.0008314630633762987;75;0.0007764262208376117;155;0.0007328315980741342;124;0.0005281657968406121;112;0.000605159451965016;153;0.00047987432180442234;53;0.00019048067960323434
236;177;0.0008213397847139631;95;0.0007594534931291302;33;0.0007186087281713774;55;0.0005272762879424358;124;0.0006042224613319852;1;0.0004791062027087168;77;0.00018971514269297522
237;38;0.0007984579421501396;52;0.0007283542768248781;177;0.0007157004209051533;155;0.0005165319345599359;55;0.0005963678972259505;124;0.00047407021579157113;57;0.00018811886092020451
238;165;0.0007852104005837195;54;0.0006932472295982956;8;0.0006857394750809763;75;0.0005097312192854218;54;0.0005876382545182558;33;0.00045110152930491183;37;0.0001875739049303987
239;54;0.0007712623551409882;37;0.0006903186350585051;75;0.0006693072150193252;79;0.000503265380120144;165;0.0005856849886869655;155;0.0004447140676835132;52;0.0001776694411755018
240;150;0.0007600546341443771;153;0.0006466661405000773;78;0.0006448177324592559;37;0.00047949917803287873;74;0.0005850565622670524;54;0.0004421525920581841;8;0.00017367847982917317
241;55;0.0007301416619307322;155;0.0006450195656042385;150;0.0006376561393705066;150;0.000476236358227156;153;0.0005821357312440442;152;0.00043421362982922;148;0.00017018717707466578
242;59;0.000687593762329038;146;0.0006360080293746524;58;0.0006258168009810793;95;0.0004660238532880289;177;0.0005784476830701558;57;0.00041229124660713284;153;0.00016880665865819854
243;37;0.0006787436533957067;125;0.0006325218838518583;37;0.0006161416417885786;54;0.000452614099460215;155;0.0005731565335882073;151;0.0004073866552505922;159;0.00016745859351032942
244;124;0.0006546798635066961;58;0.000631544561039256;57;0.000587811377301409;96;0.00044735157311648766;37;0.0005330741363290776;36;0.00039879293567206985;125;0.00016610328531084964
245;152;0.0006466571193020663;53;0.000624898941314822;53;0.0005774651473504402;123;0.00043045001709296303;150;0.00051852891292684;122;0.0003849275368365945;122;0.00016398250059024066
246;95;0.0006164356505211162;71;0.0005872382007523223;54;0.0005737708938912373;57;0.0004294534780862741;57;0.0005146284575460592;157;0.00037694610929950295;155;0.0001631276462758129
247;58;0.0006106529506601145;124;0.0005824415207427036;1;0.0005668054858333685;58;0.0004144500969190236;58;0.0005120552845018343;159;0.00037682662761073083;96;0.0001604021163945135
248;123;0.0006063681659019957;123;0.000581998639132759;74;0.0005476633233332937;0;0.0004006169998239018;146;0.0005061118672536062;74;0.0003761299451623344;33;0.00016019115414081056
249;155;0.000594641045974793;29;0.0005721076261559531;153;0.0005442716691921367;71;0.000390398697139075;53;0.0005031800814976066;37;0.00037034730008777135;177;0.00015846782988812475
250;71;0.0005782102136877354;57;0.000571324578926725;2;0.0004905517394232524;53;0.00036144193263616995;95;0.0004786066230498478;34;0.00036979548008158746;150;0.00014882579001995367
251;2;0.0005443158710460973;144;0.00056563586613557;3;0.000476264843910063;1;0.00034766883892427226;161;0.0004629276683381142;53;0.00036876453523021594;71;0.00014069038242524895
252;1;0.0005323195082683746;161;0.0005268323162176384;0;0.0004603426187578718;3;0.00032889380286365725;3;0.0003933331700104999;2;0.00036474705137160625;58;0.00014033167169487954
253;3;0.0005320803899208384;152;0.0004977654421488459;151;0.000447940465267296;161;0.0003156018406324812;151;0.0003912129704678799;58;0.00035824813534504813;3;0.00013667409760557885
254;161;0.0004980347988938295;33;0.0004775166233567631;71;0.00042635165799194993;2;0.00030913326424006295;152;0.0003811264436162002;29;0.000352107054805162;161;0.00012644427640199168
255;29;0.0004793670793137989;151;0.00046086995972440285;161;0.00042232485532290795;157;0.00030322068625414687;71;0.0003704116095515006;161;0.000340392518249553;152;0.0001244623841587788
256;157;0.00047241718288092307;3;0.00043751214174944495;152;0.00041850294256940616;152;0.00029659611371664655;0;0.0003502101539093322;150;0.0003141723923448322;0;0.0001169570137759574
257;151;0.000467736949636166;157;0.00043045584482587343;157;0.00041048370487877433;151;0.00029032573939152313;29;0.00034213375140306883;0;0.0003057951811371378;50;0.00011598398758369202
258;50;0.00045589015374663497;0;0.0003790443548006903;159;0.0003833485970668247;29;0.000287468101207561;157;0.0003385714151788482;71;0.0002935580528060814;151;0.00010985464035489534
259;0;0.0004134569948105175;50;0.00034642190277074875;29;0.0003711165509779772;50;0.0002726107425882179;50;0.0002640077894895631;3;0.0002785824401232839;157;9.805413524033886e-05
260;159;0.00038187640703876274;159;0.0003215076749518143;50;0.0003218012549986021;159;0.00025112087864422874;159;0.00026147113708455594;50;0.00025045746918281634;29;9.567180959063315e-05
